"time_key","date","month","quarter","year"
20130101,"2013-01-01",1,1,2013
20130102,"2013-01-02",1,1,2013
20130103,"2013-01-03",1,1,2013
20130104,"2013-01-04",1,1,2013
20130105,"2013-01-05",1,1,2013
20130107,"2013-01-07",1,1,2013
20130108,"2013-01-08",1,1,2013
20130109,"2013-01-09",1,1,2013
20130110,"2013-01-10",1,1,2013
20130111,"2013-01-11",1,1,2013
20130112,"2013-01-12",1,1,2013
20130114,"2013-01-14",1,1,2013
20130115,"2013-01-15",1,1,2013
20130116,"2013-01-16",1,1,2013
20130117,"2013-01-17",1,1,2013
20130118,"2013-01-18",1,1,2013
20130119,"2013-01-19",1,1,2013
20130121,"2013-01-21",1,1,2013
20130122,"2013-01-22",1,1,2013
20130123,"2013-01-23",1,1,2013
20130124,"2013-01-24",1,1,2013
20130125,"2013-01-25",1,1,2013
20130126,"2013-01-26",1,1,2013
20130128,"2013-01-28",1,1,2013
20130129,"2013-01-29",1,1,2013
20130130,"2013-01-30",1,1,2013
20130131,"2013-01-31",1,1,2013
20130201,"2013-02-01",2,1,2013
20130202,"2013-02-02",2,1,2013
20130204,"2013-02-04",2,1,2013
20130205,"2013-02-05",2,1,2013
20130206,"2013-02-06",2,1,2013
20130207,"2013-02-07",2,1,2013
20130208,"2013-02-08",2,1,2013
20130209,"2013-02-09",2,1,2013
20130211,"2013-02-11",2,1,2013
20130212,"2013-02-12",2,1,2013
20130213,"2013-02-13",2,1,2013
20130214,"2013-02-14",2,1,2013
20130215,"2013-02-15",2,1,2013
20130216,"2013-02-16",2,1,2013
20130218,"2013-02-18",2,1,2013
20130219,"2013-02-19",2,1,2013
20130220,"2013-02-20",2,1,2013
20130221,"2013-02-21",2,1,2013
20130222,"2013-02-22",2,1,2013
20130223,"2013-02-23",2,1,2013
20130225,"2013-02-25",2,1,2013
20130226,"2013-02-26",2,1,2013
20130227,"2013-02-27",2,1,2013
20130228,"2013-02-28",2,1,2013
20130301,"2013-03-01",3,1,2013
20130302,"2013-03-02",3,1,2013
20130304,"2013-03-04",3,1,2013
20130305,"2013-03-05",3,1,2013
20130306,"2013-03-06",3,1,2013
20130307,"2013-03-07",3,1,2013
20130308,"2013-03-08",3,1,2013
20130309,"2013-03-09",3,1,2013
20130311,"2013-03-11",3,1,2013
20130312,"2013-03-12",3,1,2013
20130313,"2013-03-13",3,1,2013
20130314,"2013-03-14",3,1,2013
20130315,"2013-03-15",3,1,2013
20130316,"2013-03-16",3,1,2013
20130318,"2013-03-18",3,1,2013
20130319,"2013-03-19",3,1,2013
20130320,"2013-03-20",3,1,2013
20130321,"2013-03-21",3,1,2013
20130322,"2013-03-22",3,1,2013
20130323,"2013-03-23",3,1,2013
20130325,"2013-03-25",3,1,2013
20130326,"2013-03-26",3,1,2013
20130327,"2013-03-27",3,1,2013
20130328,"2013-03-28",3,1,2013
20130329,"2013-03-29",3,1,2013
20130330,"2013-03-30",3,1,2013
20130401,"2013-04-01",4,2,2013
20130402,"2013-04-02",4,2,2013
20130403,"2013-04-03",4,2,2013
20130404,"2013-04-04",4,2,2013
20130405,"2013-04-05",4,2,2013
20130406,"2013-04-06",4,2,2013
20130408,"2013-04-08",4,2,2013
20130409,"2013-04-09",4,2,2013
20130410,"2013-04-10",4,2,2013
20130411,"2013-04-11",4,2,2013
20130412,"2013-04-12",4,2,2013
20130413,"2013-04-13",4,2,2013
20130415,"2013-04-15",4,2,2013
20130416,"2013-04-16",4,2,2013
20130417,"2013-04-17",4,2,2013
20130418,"2013-04-18",4,2,2013
20130419,"2013-04-19",4,2,2013
20130420,"2013-04-20",4,2,2013
20130422,"2013-04-22",4,2,2013
20130423,"2013-04-23",4,2,2013
20130424,"2013-04-24",4,2,2013
20130425,"2013-04-25",4,2,2013
20130426,"2013-04-26",4,2,2013
20130427,"2013-04-27",4,2,2013
20130429,"2013-04-29",4,2,2013
20130430,"2013-04-30",4,2,2013
20130501,"2013-05-01",5,2,2013
20130502,"2013-05-02",5,2,2013
20130503,"2013-05-03",5,2,2013
20130504,"2013-05-04",5,2,2013
20130506,"2013-05-06",5,2,2013
20130507,"2013-05-07",5,2,2013
20130508,"2013-05-08",5,2,2013
20130509,"2013-05-09",5,2,2013
20130510,"2013-05-10",5,2,2013
20130511,"2013-05-11",5,2,2013
20130513,"2013-05-13",5,2,2013
20130514,"2013-05-14",5,2,2013
20130515,"2013-05-15",5,2,2013
20130516,"2013-05-16",5,2,2013
20130517,"2013-05-17",5,2,2013
20130518,"2013-05-18",5,2,2013
20130520,"2013-05-20",5,2,2013
20130521,"2013-05-21",5,2,2013
20130522,"2013-05-22",5,2,2013
20130523,"2013-05-23",5,2,2013
20130524,"2013-05-24",5,2,2013
20130525,"2013-05-25",5,2,2013
20130527,"2013-05-27",5,2,2013
20130528,"2013-05-28",5,2,2013
20130529,"2013-05-29",5,2,2013
20130530,"2013-05-30",5,2,2013
20130531,"2013-05-31",5,2,2013
20130601,"2013-06-01",6,2,2013
20130603,"2013-06-03",6,2,2013
20130604,"2013-06-04",6,2,2013
20130605,"2013-06-05",6,2,2013
20130606,"2013-06-06",6,2,2013
20130607,"2013-06-07",6,2,2013
20130608,"2013-06-08",6,2,2013
20130610,"2013-06-10",6,2,2013
20130611,"2013-06-11",6,2,2013
20130612,"2013-06-12",6,2,2013
20130613,"2013-06-13",6,2,2013
20130614,"2013-06-14",6,2,2013
20130615,"2013-06-15",6,2,2013
20130617,"2013-06-17",6,2,2013
20130618,"2013-06-18",6,2,2013
20130619,"2013-06-19",6,2,2013
20130620,"2013-06-20",6,2,2013
20130621,"2013-06-21",6,2,2013
20130622,"2013-06-22",6,2,2013
20130624,"2013-06-24",6,2,2013
20130625,"2013-06-25",6,2,2013
20130626,"2013-06-26",6,2,2013
20130627,"2013-06-27",6,2,2013
20130628,"2013-06-28",6,2,2013
20130629,"2013-06-29",6,2,2013
20130701,"2013-07-01",7,3,2013
20130702,"2013-07-02",7,3,2013
20130703,"2013-07-03",7,3,2013
20130704,"2013-07-04",7,3,2013
20130705,"2013-07-05",7,3,2013
20130706,"2013-07-06",7,3,2013
20130708,"2013-07-08",7,3,2013
20130709,"2013-07-09",7,3,2013
20130710,"2013-07-10",7,3,2013
20130711,"2013-07-11",7,3,2013
20130712,"2013-07-12",7,3,2013
20130713,"2013-07-13",7,3,2013
20130715,"2013-07-15",7,3,2013
20130716,"2013-07-16",7,3,2013
20130717,"2013-07-17",7,3,2013
20130718,"2013-07-18",7,3,2013
20130719,"2013-07-19",7,3,2013
20130720,"2013-07-20",7,3,2013
20130722,"2013-07-22",7,3,2013
20130723,"2013-07-23",7,3,2013
20130724,"2013-07-24",7,3,2013
20130725,"2013-07-25",7,3,2013
20130726,"2013-07-26",7,3,2013
20130727,"2013-07-27",7,3,2013
20130729,"2013-07-29",7,3,2013
20130730,"2013-07-30",7,3,2013
20130731,"2013-07-31",7,3,2013
20130801,"2013-08-01",8,3,2013
20130802,"2013-08-02",8,3,2013
20130803,"2013-08-03",8,3,2013
20130805,"2013-08-05",8,3,2013
20130806,"2013-08-06",8,3,2013
20130807,"2013-08-07",8,3,2013
20130808,"2013-08-08",8,3,2013
20130809,"2013-08-09",8,3,2013
20130810,"2013-08-10",8,3,2013
20130812,"2013-08-12",8,3,2013
20130813,"2013-08-13",8,3,2013
20130814,"2013-08-14",8,3,2013
20130815,"2013-08-15",8,3,2013
20130816,"2013-08-16",8,3,2013
20130817,"2013-08-17",8,3,2013
20130819,"2013-08-19",8,3,2013
20130820,"2013-08-20",8,3,2013
20130821,"2013-08-21",8,3,2013
20130822,"2013-08-22",8,3,2013
20130823,"2013-08-23",8,3,2013
20130824,"2013-08-24",8,3,2013
20130826,"2013-08-26",8,3,2013
20130827,"2013-08-27",8,3,2013
20130828,"2013-08-28",8,3,2013
20130829,"2013-08-29",8,3,2013
20130830,"2013-08-30",8,3,2013
20130831,"2013-08-31",8,3,2013
20130902,"2013-09-02",9,3,2013
20130903,"2013-09-03",9,3,2013
20130904,"2013-09-04",9,3,2013
20130905,"2013-09-05",9,3,2013
20130906,"2013-09-06",9,3,2013
20130907,"2013-09-07",9,3,2013
20130909,"2013-09-09",9,3,2013
20130910,"2013-09-10",9,3,2013
20130911,"2013-09-11",9,3,2013
20130912,"2013-09-12",9,3,2013
20130913,"2013-09-13",9,3,2013
20130914,"2013-09-14",9,3,2013
20130916,"2013-09-16",9,3,2013
20130917,"2013-09-17",9,3,2013
20130918,"2013-09-18",9,3,2013
20130919,"2013-09-19",9,3,2013
20130920,"2013-09-20",9,3,2013
20130921,"2013-09-21",9,3,2013
20130923,"2013-09-23",9,3,2013
20130924,"2013-09-24",9,3,2013
20130925,"2013-09-25",9,3,2013
20130926,"2013-09-26",9,3,2013
20130927,"2013-09-27",9,3,2013
20130928,"2013-09-28",9,3,2013
20130930,"2013-09-30",9,3,2013
20131001,"2013-10-01",10,4,2013
20131002,"2013-10-02",10,4,2013
20131003,"2013-10-03",10,4,2013
20131004,"2013-10-04",10,4,2013
20131005,"2013-10-05",10,4,2013
20131007,"2013-10-07",10,4,2013
20131008,"2013-10-08",10,4,2013
20131009,"2013-10-09",10,4,2013
20131010,"2013-10-10",10,4,2013
20131011,"2013-10-11",10,4,2013
20131012,"2013-10-12",10,4,2013
20131014,"2013-10-14",10,4,2013
20131015,"2013-10-15",10,4,2013
20131016,"2013-10-16",10,4,2013
20131017,"2013-10-17",10,4,2013
20131018,"2013-10-18",10,4,2013
20131019,"2013-10-19",10,4,2013
20131021,"2013-10-21",10,4,2013
20131022,"2013-10-22",10,4,2013
20131023,"2013-10-23",10,4,2013
20131024,"2013-10-24",10,4,2013
20131025,"2013-10-25",10,4,2013
20131026,"2013-10-26",10,4,2013
20131028,"2013-10-28",10,4,2013
20131029,"2013-10-29",10,4,2013
20131030,"2013-10-30",10,4,2013
20131031,"2013-10-31",10,4,2013
20131101,"2013-11-01",11,4,2013
20131102,"2013-11-02",11,4,2013
20131104,"2013-11-04",11,4,2013
20131105,"2013-11-05",11,4,2013
20131106,"2013-11-06",11,4,2013
20131107,"2013-11-07",11,4,2013
20131108,"2013-11-08",11,4,2013
20131109,"2013-11-09",11,4,2013
20131111,"2013-11-11",11,4,2013
20131112,"2013-11-12",11,4,2013
20131113,"2013-11-13",11,4,2013
20131114,"2013-11-14",11,4,2013
20131115,"2013-11-15",11,4,2013
20131116,"2013-11-16",11,4,2013
20131118,"2013-11-18",11,4,2013
20131119,"2013-11-19",11,4,2013
20131120,"2013-11-20",11,4,2013
20131121,"2013-11-21",11,4,2013
20131122,"2013-11-22",11,4,2013
20131123,"2013-11-23",11,4,2013
20131125,"2013-11-25",11,4,2013
20131126,"2013-11-26",11,4,2013
20131127,"2013-11-27",11,4,2013
20131128,"2013-11-28",11,4,2013
20131129,"2013-11-29",11,4,2013
20131130,"2013-11-30",11,4,2013
20131202,"2013-12-02",12,4,2013
20131203,"2013-12-03",12,4,2013
20131204,"2013-12-04",12,4,2013
20131205,"2013-12-05",12,4,2013
20131206,"2013-12-06",12,4,2013
20131207,"2013-12-07",12,4,2013
20131209,"2013-12-09",12,4,2013
20131210,"2013-12-10",12,4,2013
20131211,"2013-12-11",12,4,2013
20131212,"2013-12-12",12,4,2013
20131213,"2013-12-13",12,4,2013
20131214,"2013-12-14",12,4,2013
20131216,"2013-12-16",12,4,2013
20131217,"2013-12-17",12,4,2013
20131218,"2013-12-18",12,4,2013
20131219,"2013-12-19",12,4,2013
20131220,"2013-12-20",12,4,2013
20131221,"2013-12-21",12,4,2013
20131223,"2013-12-23",12,4,2013
20131224,"2013-12-24",12,4,2013
20131225,"2013-12-25",12,4,2013
20131226,"2013-12-26",12,4,2013
20131227,"2013-12-27",12,4,2013
20131228,"2013-12-28",12,4,2013
20131230,"2013-12-30",12,4,2013
20131231,"2013-12-31",12,4,2013
20140101,"2014-01-01",1,1,2014
20140102,"2014-01-02",1,1,2014
20140103,"2014-01-03",1,1,2014
20140104,"2014-01-04",1,1,2014
20140106,"2014-01-06",1,1,2014
20140107,"2014-01-07",1,1,2014
20140108,"2014-01-08",1,1,2014
20140109,"2014-01-09",1,1,2014
20140110,"2014-01-10",1,1,2014
20140111,"2014-01-11",1,1,2014
20140113,"2014-01-13",1,1,2014
20140114,"2014-01-14",1,1,2014
20140115,"2014-01-15",1,1,2014
20140116,"2014-01-16",1,1,2014
20140117,"2014-01-17",1,1,2014
20140118,"2014-01-18",1,1,2014
20140120,"2014-01-20",1,1,2014
20140121,"2014-01-21",1,1,2014
20140122,"2014-01-22",1,1,2014
20140123,"2014-01-23",1,1,2014
20140124,"2014-01-24",1,1,2014
20140125,"2014-01-25",1,1,2014
20140127,"2014-01-27",1,1,2014
20140128,"2014-01-28",1,1,2014
20140129,"2014-01-29",1,1,2014
20140130,"2014-01-30",1,1,2014
20140131,"2014-01-31",1,1,2014
20140201,"2014-02-01",2,1,2014
20140203,"2014-02-03",2,1,2014
20140204,"2014-02-04",2,1,2014
20140205,"2014-02-05",2,1,2014
20140206,"2014-02-06",2,1,2014
20140207,"2014-02-07",2,1,2014
20140208,"2014-02-08",2,1,2014
20140210,"2014-02-10",2,1,2014
20140211,"2014-02-11",2,1,2014
20140212,"2014-02-12",2,1,2014
20140213,"2014-02-13",2,1,2014
20140214,"2014-02-14",2,1,2014
20140215,"2014-02-15",2,1,2014
20140217,"2014-02-17",2,1,2014
20140218,"2014-02-18",2,1,2014
20140219,"2014-02-19",2,1,2014
20140220,"2014-02-20",2,1,2014
20140221,"2014-02-21",2,1,2014
20140222,"2014-02-22",2,1,2014
20140224,"2014-02-24",2,1,2014
20140225,"2014-02-25",2,1,2014
20140226,"2014-02-26",2,1,2014
20140227,"2014-02-27",2,1,2014
20140228,"2014-02-28",2,1,2014
20140301,"2014-03-01",3,1,2014
20140303,"2014-03-03",3,1,2014
20140304,"2014-03-04",3,1,2014
20140305,"2014-03-05",3,1,2014
20140306,"2014-03-06",3,1,2014
20140307,"2014-03-07",3,1,2014
20140308,"2014-03-08",3,1,2014
20140310,"2014-03-10",3,1,2014
20140311,"2014-03-11",3,1,2014
20140312,"2014-03-12",3,1,2014
20140313,"2014-03-13",3,1,2014
20140314,"2014-03-14",3,1,2014
20140315,"2014-03-15",3,1,2014
20140317,"2014-03-17",3,1,2014
20140318,"2014-03-18",3,1,2014
20140319,"2014-03-19",3,1,2014
20140320,"2014-03-20",3,1,2014
20140321,"2014-03-21",3,1,2014
20140322,"2014-03-22",3,1,2014
20140324,"2014-03-24",3,1,2014
20140325,"2014-03-25",3,1,2014
20140326,"2014-03-26",3,1,2014
20140327,"2014-03-27",3,1,2014
20140328,"2014-03-28",3,1,2014
20140329,"2014-03-29",3,1,2014
20140331,"2014-03-31",3,1,2014
20140401,"2014-04-01",4,2,2014
20140402,"2014-04-02",4,2,2014
20140403,"2014-04-03",4,2,2014
20140404,"2014-04-04",4,2,2014
20140405,"2014-04-05",4,2,2014
20140407,"2014-04-07",4,2,2014
20140408,"2014-04-08",4,2,2014
20140409,"2014-04-09",4,2,2014
20140410,"2014-04-10",4,2,2014
20140411,"2014-04-11",4,2,2014
20140412,"2014-04-12",4,2,2014
20140414,"2014-04-14",4,2,2014
20140415,"2014-04-15",4,2,2014
20140416,"2014-04-16",4,2,2014
20140417,"2014-04-17",4,2,2014
20140418,"2014-04-18",4,2,2014
20140419,"2014-04-19",4,2,2014
20140421,"2014-04-21",4,2,2014
20140422,"2014-04-22",4,2,2014
20140423,"2014-04-23",4,2,2014
20140424,"2014-04-24",4,2,2014
20140425,"2014-04-25",4,2,2014
20140426,"2014-04-26",4,2,2014
20140428,"2014-04-28",4,2,2014
20140429,"2014-04-29",4,2,2014
20140430,"2014-04-30",4,2,2014
20140501,"2014-05-01",5,2,2014
20140502,"2014-05-02",5,2,2014
20140503,"2014-05-03",5,2,2014
20140505,"2014-05-05",5,2,2014
20140506,"2014-05-06",5,2,2014
20140507,"2014-05-07",5,2,2014
20140508,"2014-05-08",5,2,2014
20140509,"2014-05-09",5,2,2014
20140510,"2014-05-10",5,2,2014
20140512,"2014-05-12",5,2,2014
20140513,"2014-05-13",5,2,2014
20140514,"2014-05-14",5,2,2014
20140515,"2014-05-15",5,2,2014
20140516,"2014-05-16",5,2,2014
20140517,"2014-05-17",5,2,2014
20140519,"2014-05-19",5,2,2014
20140520,"2014-05-20",5,2,2014
20140521,"2014-05-21",5,2,2014
20140522,"2014-05-22",5,2,2014
20140523,"2014-05-23",5,2,2014
20140524,"2014-05-24",5,2,2014
20140526,"2014-05-26",5,2,2014
20140527,"2014-05-27",5,2,2014
20140528,"2014-05-28",5,2,2014
20140529,"2014-05-29",5,2,2014
20140530,"2014-05-30",5,2,2014
20140531,"2014-05-31",5,2,2014
20140602,"2014-06-02",6,2,2014
20140603,"2014-06-03",6,2,2014
20140604,"2014-06-04",6,2,2014
20140605,"2014-06-05",6,2,2014
20140606,"2014-06-06",6,2,2014
20140607,"2014-06-07",6,2,2014
20140609,"2014-06-09",6,2,2014
20140610,"2014-06-10",6,2,2014
20140611,"2014-06-11",6,2,2014
20140612,"2014-06-12",6,2,2014
20140613,"2014-06-13",6,2,2014
20140614,"2014-06-14",6,2,2014
20140616,"2014-06-16",6,2,2014
20140617,"2014-06-17",6,2,2014
20140618,"2014-06-18",6,2,2014
20140619,"2014-06-19",6,2,2014
20140620,"2014-06-20",6,2,2014
20140621,"2014-06-21",6,2,2014
20140623,"2014-06-23",6,2,2014
20140624,"2014-06-24",6,2,2014
20140625,"2014-06-25",6,2,2014
20140626,"2014-06-26",6,2,2014
20140627,"2014-06-27",6,2,2014
20140628,"2014-06-28",6,2,2014
20140630,"2014-06-30",6,2,2014
20140701,"2014-07-01",7,3,2014
20140702,"2014-07-02",7,3,2014
20140703,"2014-07-03",7,3,2014
20140704,"2014-07-04",7,3,2014
20140705,"2014-07-05",7,3,2014
20140707,"2014-07-07",7,3,2014
20140708,"2014-07-08",7,3,2014
20140709,"2014-07-09",7,3,2014
20140710,"2014-07-10",7,3,2014
20140711,"2014-07-11",7,3,2014
20140712,"2014-07-12",7,3,2014
20140714,"2014-07-14",7,3,2014
20140715,"2014-07-15",7,3,2014
20140716,"2014-07-16",7,3,2014
20140717,"2014-07-17",7,3,2014
20140718,"2014-07-18",7,3,2014
20140719,"2014-07-19",7,3,2014
20140721,"2014-07-21",7,3,2014
20140722,"2014-07-22",7,3,2014
20140723,"2014-07-23",7,3,2014
20140724,"2014-07-24",7,3,2014
20140725,"2014-07-25",7,3,2014
20140726,"2014-07-26",7,3,2014
20140728,"2014-07-28",7,3,2014
20140729,"2014-07-29",7,3,2014
20140730,"2014-07-30",7,3,2014
20140731,"2014-07-31",7,3,2014
20140801,"2014-08-01",8,3,2014
20140802,"2014-08-02",8,3,2014
20140804,"2014-08-04",8,3,2014
20140805,"2014-08-05",8,3,2014
20140806,"2014-08-06",8,3,2014
20140807,"2014-08-07",8,3,2014
20140808,"2014-08-08",8,3,2014
20140809,"2014-08-09",8,3,2014
20140811,"2014-08-11",8,3,2014
20140812,"2014-08-12",8,3,2014
20140813,"2014-08-13",8,3,2014
20140814,"2014-08-14",8,3,2014
20140815,"2014-08-15",8,3,2014
20140816,"2014-08-16",8,3,2014
20140818,"2014-08-18",8,3,2014
20140819,"2014-08-19",8,3,2014
20140820,"2014-08-20",8,3,2014
20140821,"2014-08-21",8,3,2014
20140822,"2014-08-22",8,3,2014
20140823,"2014-08-23",8,3,2014
20140825,"2014-08-25",8,3,2014
20140826,"2014-08-26",8,3,2014
20140827,"2014-08-27",8,3,2014
20140828,"2014-08-28",8,3,2014
20140829,"2014-08-29",8,3,2014
20140830,"2014-08-30",8,3,2014
20140901,"2014-09-01",9,3,2014
20140902,"2014-09-02",9,3,2014
20140903,"2014-09-03",9,3,2014
20140904,"2014-09-04",9,3,2014
20140905,"2014-09-05",9,3,2014
20140906,"2014-09-06",9,3,2014
20140908,"2014-09-08",9,3,2014
20140909,"2014-09-09",9,3,2014
20140910,"2014-09-10",9,3,2014
20140911,"2014-09-11",9,3,2014
20140912,"2014-09-12",9,3,2014
20140913,"2014-09-13",9,3,2014
20140915,"2014-09-15",9,3,2014
20140916,"2014-09-16",9,3,2014
20140917,"2014-09-17",9,3,2014
20140918,"2014-09-18",9,3,2014
20140919,"2014-09-19",9,3,2014
20140920,"2014-09-20",9,3,2014
20140922,"2014-09-22",9,3,2014
20140923,"2014-09-23",9,3,2014
20140924,"2014-09-24",9,3,2014
20140925,"2014-09-25",9,3,2014
20140926,"2014-09-26",9,3,2014
20140927,"2014-09-27",9,3,2014
20140929,"2014-09-29",9,3,2014
20140930,"2014-09-30",9,3,2014
20141001,"2014-10-01",10,4,2014
20141002,"2014-10-02",10,4,2014
20141003,"2014-10-03",10,4,2014
20141004,"2014-10-04",10,4,2014
20141006,"2014-10-06",10,4,2014
20141007,"2014-10-07",10,4,2014
20141008,"2014-10-08",10,4,2014
20141009,"2014-10-09",10,4,2014
20141010,"2014-10-10",10,4,2014
20141011,"2014-10-11",10,4,2014
20141013,"2014-10-13",10,4,2014
20141014,"2014-10-14",10,4,2014
20141015,"2014-10-15",10,4,2014
20141016,"2014-10-16",10,4,2014
20141017,"2014-10-17",10,4,2014
20141018,"2014-10-18",10,4,2014
20141020,"2014-10-20",10,4,2014
20141021,"2014-10-21",10,4,2014
20141022,"2014-10-22",10,4,2014
20141023,"2014-10-23",10,4,2014
20141024,"2014-10-24",10,4,2014
20141025,"2014-10-25",10,4,2014
20141027,"2014-10-27",10,4,2014
20141028,"2014-10-28",10,4,2014
20141029,"2014-10-29",10,4,2014
20141030,"2014-10-30",10,4,2014
20141031,"2014-10-31",10,4,2014
20141101,"2014-11-01",11,4,2014
20141103,"2014-11-03",11,4,2014
20141104,"2014-11-04",11,4,2014
20141105,"2014-11-05",11,4,2014
20141106,"2014-11-06",11,4,2014
20141107,"2014-11-07",11,4,2014
20141108,"2014-11-08",11,4,2014
20141110,"2014-11-10",11,4,2014
20141111,"2014-11-11",11,4,2014
20141112,"2014-11-12",11,4,2014
20141113,"2014-11-13",11,4,2014
20141114,"2014-11-14",11,4,2014
20141115,"2014-11-15",11,4,2014
20141117,"2014-11-17",11,4,2014
20141118,"2014-11-18",11,4,2014
20141119,"2014-11-19",11,4,2014
20141120,"2014-11-20",11,4,2014
20141121,"2014-11-21",11,4,2014
20141122,"2014-11-22",11,4,2014
20141124,"2014-11-24",11,4,2014
20141125,"2014-11-25",11,4,2014
20141126,"2014-11-26",11,4,2014
20141127,"2014-11-27",11,4,2014
20141128,"2014-11-28",11,4,2014
20141129,"2014-11-29",11,4,2014
20141201,"2014-12-01",12,4,2014
20141202,"2014-12-02",12,4,2014
20141203,"2014-12-03",12,4,2014
20141204,"2014-12-04",12,4,2014
20141205,"2014-12-05",12,4,2014
20141206,"2014-12-06",12,4,2014
20141208,"2014-12-08",12,4,2014
20141209,"2014-12-09",12,4,2014
20141210,"2014-12-10",12,4,2014
20141211,"2014-12-11",12,4,2014
20141212,"2014-12-12",12,4,2014
20141213,"2014-12-13",12,4,2014
20141215,"2014-12-15",12,4,2014
20141216,"2014-12-16",12,4,2014
20141217,"2014-12-17",12,4,2014
20141218,"2014-12-18",12,4,2014
20141219,"2014-12-19",12,4,2014
20141220,"2014-12-20",12,4,2014
20141222,"2014-12-22",12,4,2014
20141223,"2014-12-23",12,4,2014
20141224,"2014-12-24",12,4,2014
20141225,"2014-12-25",12,4,2014
20141226,"2014-12-26",12,4,2014
20141227,"2014-12-27",12,4,2014
20141229,"2014-12-29",12,4,2014
20141230,"2014-12-30",12,4,2014
20141231,"2014-12-31",12,4,2014
20150101,"2015-01-01",1,1,2015
20150102,"2015-01-02",1,1,2015
20150103,"2015-01-03",1,1,2015
20150105,"2015-01-05",1,1,2015
20150106,"2015-01-06",1,1,2015
20150107,"2015-01-07",1,1,2015
20150108,"2015-01-08",1,1,2015
20150109,"2015-01-09",1,1,2015
20150110,"2015-01-10",1,1,2015
20150112,"2015-01-12",1,1,2015
20150113,"2015-01-13",1,1,2015
20150114,"2015-01-14",1,1,2015
20150115,"2015-01-15",1,1,2015
20150116,"2015-01-16",1,1,2015
20150117,"2015-01-17",1,1,2015
20150119,"2015-01-19",1,1,2015
20150120,"2015-01-20",1,1,2015
20150121,"2015-01-21",1,1,2015
20150122,"2015-01-22",1,1,2015
20150123,"2015-01-23",1,1,2015
20150124,"2015-01-24",1,1,2015
20150126,"2015-01-26",1,1,2015
20150127,"2015-01-27",1,1,2015
20150128,"2015-01-28",1,1,2015
20150129,"2015-01-29",1,1,2015
20150130,"2015-01-30",1,1,2015
20150131,"2015-01-31",1,1,2015
20150202,"2015-02-02",2,1,2015
20150203,"2015-02-03",2,1,2015
20150204,"2015-02-04",2,1,2015
20150205,"2015-02-05",2,1,2015
20150206,"2015-02-06",2,1,2015
20150207,"2015-02-07",2,1,2015
20150209,"2015-02-09",2,1,2015
20150210,"2015-02-10",2,1,2015
20150211,"2015-02-11",2,1,2015
20150212,"2015-02-12",2,1,2015
20150213,"2015-02-13",2,1,2015
20150214,"2015-02-14",2,1,2015
20150216,"2015-02-16",2,1,2015
20150217,"2015-02-17",2,1,2015
20150218,"2015-02-18",2,1,2015
20150219,"2015-02-19",2,1,2015
20150220,"2015-02-20",2,1,2015
20150221,"2015-02-21",2,1,2015
20150223,"2015-02-23",2,1,2015
20150224,"2015-02-24",2,1,2015
20150225,"2015-02-25",2,1,2015
20150226,"2015-02-26",2,1,2015
20150227,"2015-02-27",2,1,2015
20150228,"2015-02-28",2,1,2015
20150302,"2015-03-02",3,1,2015
20150303,"2015-03-03",3,1,2015
20150304,"2015-03-04",3,1,2015
20150305,"2015-03-05",3,1,2015
20150306,"2015-03-06",3,1,2015
20150307,"2015-03-07",3,1,2015
20150309,"2015-03-09",3,1,2015
20150310,"2015-03-10",3,1,2015
20150311,"2015-03-11",3,1,2015
20150312,"2015-03-12",3,1,2015
20150313,"2015-03-13",3,1,2015
20150314,"2015-03-14",3,1,2015
20150316,"2015-03-16",3,1,2015
20150317,"2015-03-17",3,1,2015
20150318,"2015-03-18",3,1,2015
20150319,"2015-03-19",3,1,2015
20150320,"2015-03-20",3,1,2015
20150321,"2015-03-21",3,1,2015
20150323,"2015-03-23",3,1,2015
20150324,"2015-03-24",3,1,2015
20150325,"2015-03-25",3,1,2015
20150326,"2015-03-26",3,1,2015
20150327,"2015-03-27",3,1,2015
20150328,"2015-03-28",3,1,2015
20150330,"2015-03-30",3,1,2015
20150331,"2015-03-31",3,1,2015
20150401,"2015-04-01",4,2,2015
20150402,"2015-04-02",4,2,2015
20150403,"2015-04-03",4,2,2015
20150404,"2015-04-04",4,2,2015
20150406,"2015-04-06",4,2,2015
20150407,"2015-04-07",4,2,2015
20150408,"2015-04-08",4,2,2015
20150409,"2015-04-09",4,2,2015
20150410,"2015-04-10",4,2,2015
20150411,"2015-04-11",4,2,2015
20150413,"2015-04-13",4,2,2015
20150414,"2015-04-14",4,2,2015
20150415,"2015-04-15",4,2,2015
20150416,"2015-04-16",4,2,2015
20150417,"2015-04-17",4,2,2015
20150418,"2015-04-18",4,2,2015
20150420,"2015-04-20",4,2,2015
20150421,"2015-04-21",4,2,2015
20150422,"2015-04-22",4,2,2015
20150423,"2015-04-23",4,2,2015
20150424,"2015-04-24",4,2,2015
20150425,"2015-04-25",4,2,2015
20150427,"2015-04-27",4,2,2015
20150428,"2015-04-28",4,2,2015
20150429,"2015-04-29",4,2,2015
20150430,"2015-04-30",4,2,2015
20150501,"2015-05-01",5,2,2015
20150502,"2015-05-02",5,2,2015
20150504,"2015-05-04",5,2,2015
20150505,"2015-05-05",5,2,2015
20150506,"2015-05-06",5,2,2015
20150507,"2015-05-07",5,2,2015
20150508,"2015-05-08",5,2,2015
20150509,"2015-05-09",5,2,2015
20150511,"2015-05-11",5,2,2015
20150512,"2015-05-12",5,2,2015
20150513,"2015-05-13",5,2,2015
20150514,"2015-05-14",5,2,2015
20150515,"2015-05-15",5,2,2015
20150516,"2015-05-16",5,2,2015
20150518,"2015-05-18",5,2,2015
20150519,"2015-05-19",5,2,2015
20150520,"2015-05-20",5,2,2015
20150521,"2015-05-21",5,2,2015
20150522,"2015-05-22",5,2,2015
20150523,"2015-05-23",5,2,2015
20150525,"2015-05-25",5,2,2015
20150526,"2015-05-26",5,2,2015
20150527,"2015-05-27",5,2,2015
20150528,"2015-05-28",5,2,2015
20150529,"2015-05-29",5,2,2015
20150530,"2015-05-30",5,2,2015
20150601,"2015-06-01",6,2,2015
20150602,"2015-06-02",6,2,2015
20150603,"2015-06-03",6,2,2015
20150604,"2015-06-04",6,2,2015
20150605,"2015-06-05",6,2,2015
20150606,"2015-06-06",6,2,2015
20150608,"2015-06-08",6,2,2015
20150609,"2015-06-09",6,2,2015
20150610,"2015-06-10",6,2,2015
20150611,"2015-06-11",6,2,2015
20150612,"2015-06-12",6,2,2015
20150613,"2015-06-13",6,2,2015
20150615,"2015-06-15",6,2,2015
20150616,"2015-06-16",6,2,2015
20150617,"2015-06-17",6,2,2015
20150618,"2015-06-18",6,2,2015
20150619,"2015-06-19",6,2,2015
20150620,"2015-06-20",6,2,2015
20150622,"2015-06-22",6,2,2015
20150623,"2015-06-23",6,2,2015
20150624,"2015-06-24",6,2,2015
20150625,"2015-06-25",6,2,2015
20150626,"2015-06-26",6,2,2015
20150627,"2015-06-27",6,2,2015
20150629,"2015-06-29",6,2,2015
20150630,"2015-06-30",6,2,2015
20150701,"2015-07-01",7,3,2015
20150702,"2015-07-02",7,3,2015
20150703,"2015-07-03",7,3,2015
20150704,"2015-07-04",7,3,2015
20150706,"2015-07-06",7,3,2015
20150707,"2015-07-07",7,3,2015
20150708,"2015-07-08",7,3,2015
20150709,"2015-07-09",7,3,2015
20150710,"2015-07-10",7,3,2015
20150711,"2015-07-11",7,3,2015
20150713,"2015-07-13",7,3,2015
20150714,"2015-07-14",7,3,2015
20150715,"2015-07-15",7,3,2015
20150716,"2015-07-16",7,3,2015
20150717,"2015-07-17",7,3,2015
20150718,"2015-07-18",7,3,2015
20150720,"2015-07-20",7,3,2015
20150721,"2015-07-21",7,3,2015
20150722,"2015-07-22",7,3,2015
20150723,"2015-07-23",7,3,2015
20150724,"2015-07-24",7,3,2015
20150725,"2015-07-25",7,3,2015
20150727,"2015-07-27",7,3,2015
20150728,"2015-07-28",7,3,2015
20150729,"2015-07-29",7,3,2015
20150730,"2015-07-30",7,3,2015
20150731,"2015-07-31",7,3,2015
20150801,"2015-08-01",8,3,2015
20150803,"2015-08-03",8,3,2015
20150804,"2015-08-04",8,3,2015
20150805,"2015-08-05",8,3,2015
20150806,"2015-08-06",8,3,2015
20150807,"2015-08-07",8,3,2015
20150808,"2015-08-08",8,3,2015
20150810,"2015-08-10",8,3,2015
20150811,"2015-08-11",8,3,2015
20150812,"2015-08-12",8,3,2015
20150813,"2015-08-13",8,3,2015
20150814,"2015-08-14",8,3,2015
20150815,"2015-08-15",8,3,2015
20150817,"2015-08-17",8,3,2015
20150818,"2015-08-18",8,3,2015
20150819,"2015-08-19",8,3,2015
20150820,"2015-08-20",8,3,2015
20150821,"2015-08-21",8,3,2015
20150822,"2015-08-22",8,3,2015
20150824,"2015-08-24",8,3,2015
20150825,"2015-08-25",8,3,2015
20150826,"2015-08-26",8,3,2015
20150827,"2015-08-27",8,3,2015
20150828,"2015-08-28",8,3,2015
20150829,"2015-08-29",8,3,2015
20150831,"2015-08-31",8,3,2015
20150901,"2015-09-01",9,3,2015
20150902,"2015-09-02",9,3,2015
20150903,"2015-09-03",9,3,2015
20150904,"2015-09-04",9,3,2015
20150905,"2015-09-05",9,3,2015
20150907,"2015-09-07",9,3,2015
20150908,"2015-09-08",9,3,2015
20150909,"2015-09-09",9,3,2015
20150910,"2015-09-10",9,3,2015
20150911,"2015-09-11",9,3,2015
20150912,"2015-09-12",9,3,2015
20150914,"2015-09-14",9,3,2015
20150915,"2015-09-15",9,3,2015
20150916,"2015-09-16",9,3,2015
20150917,"2015-09-17",9,3,2015
20150918,"2015-09-18",9,3,2015
20150919,"2015-09-19",9,3,2015
20150921,"2015-09-21",9,3,2015
20150922,"2015-09-22",9,3,2015
20150923,"2015-09-23",9,3,2015
20150924,"2015-09-24",9,3,2015
20150925,"2015-09-25",9,3,2015
20150926,"2015-09-26",9,3,2015
20150928,"2015-09-28",9,3,2015
20150929,"2015-09-29",9,3,2015
20150930,"2015-09-30",9,3,2015
20151001,"2015-10-01",10,4,2015
20151002,"2015-10-02",10,4,2015
20151003,"2015-10-03",10,4,2015
20151005,"2015-10-05",10,4,2015
20151006,"2015-10-06",10,4,2015
20151007,"2015-10-07",10,4,2015
20151008,"2015-10-08",10,4,2015
20151009,"2015-10-09",10,4,2015
20151010,"2015-10-10",10,4,2015
20151012,"2015-10-12",10,4,2015
20151013,"2015-10-13",10,4,2015
20151014,"2015-10-14",10,4,2015
20151015,"2015-10-15",10,4,2015
20151016,"2015-10-16",10,4,2015
20151017,"2015-10-17",10,4,2015
20151019,"2015-10-19",10,4,2015
20151020,"2015-10-20",10,4,2015
20151021,"2015-10-21",10,4,2015
20151022,"2015-10-22",10,4,2015
20151023,"2015-10-23",10,4,2015
20151024,"2015-10-24",10,4,2015
20151026,"2015-10-26",10,4,2015
20151027,"2015-10-27",10,4,2015
20151028,"2015-10-28",10,4,2015
20151029,"2015-10-29",10,4,2015
20151030,"2015-10-30",10,4,2015
20151031,"2015-10-31",10,4,2015
20151102,"2015-11-02",11,4,2015
20151103,"2015-11-03",11,4,2015
20151104,"2015-11-04",11,4,2015
20151105,"2015-11-05",11,4,2015
20151106,"2015-11-06",11,4,2015
20151107,"2015-11-07",11,4,2015
20151109,"2015-11-09",11,4,2015
20151110,"2015-11-10",11,4,2015
20151111,"2015-11-11",11,4,2015
20151112,"2015-11-12",11,4,2015
20151113,"2015-11-13",11,4,2015
20151114,"2015-11-14",11,4,2015
20151116,"2015-11-16",11,4,2015
20151117,"2015-11-17",11,4,2015
20151118,"2015-11-18",11,4,2015
20151119,"2015-11-19",11,4,2015
20151120,"2015-11-20",11,4,2015
20151121,"2015-11-21",11,4,2015
20151123,"2015-11-23",11,4,2015
20151124,"2015-11-24",11,4,2015
20151125,"2015-11-25",11,4,2015
20151126,"2015-11-26",11,4,2015
20151127,"2015-11-27",11,4,2015
20151128,"2015-11-28",11,4,2015
20151130,"2015-11-30",11,4,2015
20151201,"2015-12-01",12,4,2015
20151202,"2015-12-02",12,4,2015
20151203,"2015-12-03",12,4,2015
20151204,"2015-12-04",12,4,2015
20151205,"2015-12-05",12,4,2015
20151207,"2015-12-07",12,4,2015
20151208,"2015-12-08",12,4,2015
20151209,"2015-12-09",12,4,2015
20151210,"2015-12-10",12,4,2015
20151211,"2015-12-11",12,4,2015
20151212,"2015-12-12",12,4,2015
20151214,"2015-12-14",12,4,2015
20151215,"2015-12-15",12,4,2015
20151216,"2015-12-16",12,4,2015
20151217,"2015-12-17",12,4,2015
20151218,"2015-12-18",12,4,2015
20151219,"2015-12-19",12,4,2015
20151221,"2015-12-21",12,4,2015
20151222,"2015-12-22",12,4,2015
20151223,"2015-12-23",12,4,2015
20151224,"2015-12-24",12,4,2015
20151225,"2015-12-25",12,4,2015
20151226,"2015-12-26",12,4,2015
20151228,"2015-12-28",12,4,2015
20151229,"2015-12-29",12,4,2015
20151230,"2015-12-30",12,4,2015
20151231,"2015-12-31",12,4,2015
20160101,"2016-01-01",1,1,2016
20160102,"2016-01-02",1,1,2016
20160104,"2016-01-04",1,1,2016
20160105,"2016-01-05",1,1,2016
20160106,"2016-01-06",1,1,2016
20160107,"2016-01-07",1,1,2016
20160108,"2016-01-08",1,1,2016
20160109,"2016-01-09",1,1,2016
20160111,"2016-01-11",1,1,2016
20160112,"2016-01-12",1,1,2016
20160113,"2016-01-13",1,1,2016
20160114,"2016-01-14",1,1,2016
20160115,"2016-01-15",1,1,2016
20160116,"2016-01-16",1,1,2016
20160118,"2016-01-18",1,1,2016
20160119,"2016-01-19",1,1,2016
20160120,"2016-01-20",1,1,2016
20160121,"2016-01-21",1,1,2016
20160122,"2016-01-22",1,1,2016
20160123,"2016-01-23",1,1,2016
20160125,"2016-01-25",1,1,2016
20160126,"2016-01-26",1,1,2016
20160127,"2016-01-27",1,1,2016
20160128,"2016-01-28",1,1,2016
20160129,"2016-01-29",1,1,2016
20160130,"2016-01-30",1,1,2016
20160201,"2016-02-01",2,1,2016
20160202,"2016-02-02",2,1,2016
20160203,"2016-02-03",2,1,2016
20160204,"2016-02-04",2,1,2016
20160205,"2016-02-05",2,1,2016
20160206,"2016-02-06",2,1,2016
20160208,"2016-02-08",2,1,2016
20160209,"2016-02-09",2,1,2016
20160210,"2016-02-10",2,1,2016
20160211,"2016-02-11",2,1,2016
20160212,"2016-02-12",2,1,2016
20160213,"2016-02-13",2,1,2016
20160215,"2016-02-15",2,1,2016
20160216,"2016-02-16",2,1,2016
20160217,"2016-02-17",2,1,2016
20160218,"2016-02-18",2,1,2016
20160219,"2016-02-19",2,1,2016
20160220,"2016-02-20",2,1,2016
20160222,"2016-02-22",2,1,2016
20160223,"2016-02-23",2,1,2016
20160224,"2016-02-24",2,1,2016
20160225,"2016-02-25",2,1,2016
20160226,"2016-02-26",2,1,2016
20160227,"2016-02-27",2,1,2016
20160229,"2016-02-29",2,1,2016
20160301,"2016-03-01",3,1,2016
20160302,"2016-03-02",3,1,2016
20160303,"2016-03-03",3,1,2016
20160304,"2016-03-04",3,1,2016
20160305,"2016-03-05",3,1,2016
20160307,"2016-03-07",3,1,2016
20160308,"2016-03-08",3,1,2016
20160309,"2016-03-09",3,1,2016
20160310,"2016-03-10",3,1,2016
20160311,"2016-03-11",3,1,2016
20160312,"2016-03-12",3,1,2016
20160314,"2016-03-14",3,1,2016
20160315,"2016-03-15",3,1,2016
20160316,"2016-03-16",3,1,2016
20160317,"2016-03-17",3,1,2016
20160318,"2016-03-18",3,1,2016
20160319,"2016-03-19",3,1,2016
20160321,"2016-03-21",3,1,2016
20160322,"2016-03-22",3,1,2016
20160323,"2016-03-23",3,1,2016
20160324,"2016-03-24",3,1,2016
20160325,"2016-03-25",3,1,2016
20160326,"2016-03-26",3,1,2016
20160328,"2016-03-28",3,1,2016
20160329,"2016-03-29",3,1,2016
20160330,"2016-03-30",3,1,2016
20160331,"2016-03-31",3,1,2016
20160401,"2016-04-01",4,2,2016
20160402,"2016-04-02",4,2,2016
20160404,"2016-04-04",4,2,2016
20160405,"2016-04-05",4,2,2016
20160406,"2016-04-06",4,2,2016
20160407,"2016-04-07",4,2,2016
20160408,"2016-04-08",4,2,2016
20160409,"2016-04-09",4,2,2016
20160411,"2016-04-11",4,2,2016
20160412,"2016-04-12",4,2,2016
20160413,"2016-04-13",4,2,2016
20160414,"2016-04-14",4,2,2016
20160415,"2016-04-15",4,2,2016
20160416,"2016-04-16",4,2,2016
20160418,"2016-04-18",4,2,2016
20160419,"2016-04-19",4,2,2016
20160420,"2016-04-20",4,2,2016
20160421,"2016-04-21",4,2,2016
20160422,"2016-04-22",4,2,2016
20160423,"2016-04-23",4,2,2016
20160425,"2016-04-25",4,2,2016
20160426,"2016-04-26",4,2,2016
20160427,"2016-04-27",4,2,2016
20160428,"2016-04-28",4,2,2016
20160429,"2016-04-29",4,2,2016
20160430,"2016-04-30",4,2,2016
20160502,"2016-05-02",5,2,2016
20160503,"2016-05-03",5,2,2016
20160504,"2016-05-04",5,2,2016
20160505,"2016-05-05",5,2,2016
20160506,"2016-05-06",5,2,2016
20160507,"2016-05-07",5,2,2016
20160509,"2016-05-09",5,2,2016
20160510,"2016-05-10",5,2,2016
20160511,"2016-05-11",5,2,2016
20160512,"2016-05-12",5,2,2016
20160513,"2016-05-13",5,2,2016
20160514,"2016-05-14",5,2,2016
20160516,"2016-05-16",5,2,2016
20160517,"2016-05-17",5,2,2016
20160518,"2016-05-18",5,2,2016
20160519,"2016-05-19",5,2,2016
20160520,"2016-05-20",5,2,2016
20160521,"2016-05-21",5,2,2016
20160523,"2016-05-23",5,2,2016
20160524,"2016-05-24",5,2,2016
20160525,"2016-05-25",5,2,2016
20160526,"2016-05-26",5,2,2016
20160527,"2016-05-27",5,2,2016
20160528,"2016-05-28",5,2,2016
20160530,"2016-05-30",5,2,2016
20160531,"2016-05-31",5,2,2016
